vaccine,dose,geography_type,geography,birth_year_birth_cohort,dimension_type,dimension,estimate_percent,x95_percent_ci_percent,sample_size,year
DTaP,≥4 Doses,States/Local Areas,Alabama,2018,Age,24 Months,79.2,70.4 to 86.9,232,2020
DTaP,≥4 Doses,States/Local Areas,Alabama,2019,Age,24 Months,80.6,73.7 to 86.7,227,2021
DTaP,≥4 Doses,States/Local Areas,Alabama,2020,Age,24 Months,78.1,70.1 to 85.2,240,2022
DTaP,≥4 Doses,States/Local Areas,Alabama,2021,Age,24 Months,79.7,72.9 to 85.8,270,2023
DTaP,≥4 Doses,States/Local Areas,Alabama,2022,Age,24 Months,78.3,69.2 to 86.2,184,2024
DTaP,≥4 Doses,States/Local Areas,Alaska,2018,Age,24 Months,76.9,70.6 to 82.7,275,2020
DTaP,≥4 Doses,States/Local Areas,Alaska,2019,Age,24 Months,75.5,68.7 to 81.9,287,2021
DTaP,≥4 Doses,States/Local Areas,Alaska,2020,Age,24 Months,75.4,68.9 to 81.4,302,2022
DTaP,≥4 Doses,States/Local Areas,Alaska,2021,Age,24 Months,71.8,64.4 to 78.8,279,2023
DTaP,≥4 Doses,States/Local Areas,Alaska,2022,Age,24 Months,61.4,47.7 to 75.4,126,2024
DTaP,≥4 Doses,States/Local Areas,Arizona,2018,Age,24 Months,90,84.6 to 94.2,284,2020
DTaP,≥4 Doses,States/Local Areas,Arizona,2019,Age,24 Months,81.6,75.1 to 87.3,235,2021
DTaP,≥4 Doses,States/Local Areas,Arizona,2020,Age,24 Months,74.8,67.5 to 81.5,271,2022
DTaP,≥4 Doses,States/Local Areas,Arizona,2021,Age,24 Months,77.3,69.3 to 84.5,293,2023
DTaP,≥4 Doses,States/Local Areas,Arizona,2022,Age,24 Months,79.2,69.2 to 87.6,145,2024
DTaP,≥4 Doses,States/Local Areas,Arkansas,2018,Age,24 Months,71.1,64.8 to 77.2,426,2020
DTaP,≥4 Doses,States/Local Areas,Arkansas,2019,Age,24 Months,76.4,69.9 to 82.3,357,2021
DTaP,≥4 Doses,States/Local Areas,Arkansas,2020,Age,24 Months,76,69.7 to 81.9,323,2022
DTaP,≥4 Doses,States/Local Areas,Arkansas,2021,Age,24 Months,76.2,69.7 to 82.1,312,2023
DTaP,≥4 Doses,States/Local Areas,Arkansas,2022,Age,24 Months,79.3,69.3 to 87.7,144,2024
DTaP,≥4 Doses,States/Local Areas,California,2018,Age,24 Months,88.6,84.2 to 92.2,559,2020
DTaP,≥4 Doses,States/Local Areas,California,2019,Age,24 Months,76.5,69.7 to 82.7,537,2021
DTaP,≥4 Doses,States/Local Areas,California,2020,Age,24 Months,76.2,68.7 to 83.0,434,2022
DTaP,≥4 Doses,States/Local Areas,California,2021,Age,24 Months,76.3,70.5 to 81.8,397,2023
DTaP,≥4 Doses,States/Local Areas,California,2022,Age,24 Months,72.7,63.9 to 80.9,193,2024
DTaP,≥4 Doses,States/Local Areas,Colorado,2018,Age,24 Months,80.9,74.1 to 86.9,296,2020
DTaP,≥4 Doses,States/Local Areas,Colorado,2019,Age,24 Months,82.4,76.4 to 87.7,265,2021
DTaP,≥4 Doses,States/Local Areas,Colorado,2020,Age,24 Months,79.8,74.2 to 85.0,311,2022
DTaP,≥4 Doses,States/Local Areas,Colorado,2021,Age,24 Months,80.7,75.5 to 85.3,302,2023
DTaP,≥4 Doses,States/Local Areas,Colorado,2022,Age,24 Months,78.5,69.6 to 86.4,177,2024
DTaP,≥4 Doses,States/Local Areas,Connecticut,2018,Age,24 Months,91.4,87.1 to 94.8,308,2020
DTaP,≥4 Doses,States/Local Areas,Connecticut,2019,Age,24 Months,89.4,84.6 to 93.3,311,2021
DTaP,≥4 Doses,States/Local Areas,Connecticut,2020,Age,24 Months,85.4,79.0 to 90.8,248,2022
DTaP,≥4 Doses,States/Local Areas,Connecticut,2021,Age,24 Months,86.9,80.4 to 92.1,254,2023
DTaP,≥4 Doses,States/Local Areas,Connecticut,2022,Age,24 Months,92.5,85.8 to 96.8,136,2024
DTaP,≥4 Doses,States/Local Areas,Delaware,2018,Age,24 Months,80.5,74.5 to 86.0,248,2020
DTaP,≥4 Doses,States/Local Areas,Delaware,2019,Age,24 Months,87,80.4 to 92.2,205,2021
DTaP,≥4 Doses,States/Local Areas,Delaware,2020,Age,24 Months,86,79.1 to 91.5,183,2022
DTaP,≥4 Doses,States/Local Areas,Delaware,2021,Age,24 Months,77.5,69.9 to 84.4,179,2023
DTaP,≥4 Doses,States/Local Areas,Delaware,2022,Age,24 Months,90.2,83.5 to 95.0,115,2024
DTaP,≥4 Doses,States/Local Areas,District of Columbia,2018,Age,24 Months,84.7,79.5 to 89.1,350,2020
DTaP,≥4 Doses,States/Local Areas,District of Columbia,2019,Age,24 Months,76.3,68.2 to 83.5,327,2021
DTaP,≥4 Doses,States/Local Areas,District of Columbia,2020,Age,24 Months,80.8,72.2 to 88.0,293,2022
DTaP,≥4 Doses,States/Local Areas,District of Columbia,2021,Age,24 Months,76.2,68.3 to 83.4,314,2023
DTaP,≥4 Doses,States/Local Areas,District of Columbia,2022,Age,24 Months,63.4,51.7 to 75.1,212,2024
DTaP,≥4 Doses,States/Local Areas,Florida,2018,Age,24 Months,83,75.3 to 89.5,324,2020
DTaP,≥4 Doses,States/Local Areas,Florida,2019,Age,24 Months,82.3,75.3 to 88.4,333,2021
DTaP,≥4 Doses,States/Local Areas,Florida,2020,Age,24 Months,78.8,72.8 to 84.2,390,2022
DTaP,≥4 Doses,States/Local Areas,Florida,2021,Age,24 Months,79.1,72.9 to 84.7,433,2023
DTaP,≥4 Doses,States/Local Areas,Florida,2022,Age,24 Months,84.5,78.0 to 89.9,203,2024
DTaP,≥4 Doses,States/Local Areas,Georgia,2018,Age,24 Months,74.9,66.6 to 82.5,282,2020
DTaP,≥4 Doses,States/Local Areas,Georgia,2019,Age,24 Months,78.7,70.3 to 86.0,273,2021
DTaP,≥4 Doses,States/Local Areas,Georgia,2020,Age,24 Months,78.8,70.2 to 86.3,338,2022
DTaP,≥4 Doses,States/Local Areas,Georgia,2021,Age,24 Months,77.3,71.5 to 82.6,376,2023
DTaP,≥4 Doses,States/Local Areas,Georgia,2022,Age,24 Months,76,66.0 to 84.9,193,2024
DTaP,≥4 Doses,States/Local Areas,Hawaii,2018,Age,24 Months,83.4,76.5 to 89.2,268,2020
DTaP,≥4 Doses,States/Local Areas,Hawaii,2019,Age,24 Months,78.9,72.5 to 84.7,246,2021
DTaP,≥4 Doses,States/Local Areas,Hawaii,2020,Age,24 Months,78.6,71.4 to 84.9,201,2022
DTaP,≥4 Doses,States/Local Areas,Hawaii,2021,Age,24 Months,83.8,77.2 to 89.4,238,2023
DTaP,≥4 Doses,States/Local Areas,Hawaii,2022,Age,24 Months,80.9,70.9 to 89.1,140,2024
DTaP,≥4 Doses,States/Local Areas,Idaho,2018,Age,24 Months,82.5,77.3 to 87.1,443,2020
DTaP,≥4 Doses,States/Local Areas,Idaho,2019,Age,24 Months,80.5,74.4 to 86.0,306,2021
DTaP,≥4 Doses,States/Local Areas,Idaho,2020,Age,24 Months,80.6,74.5 to 86.0,286,2022
DTaP,≥4 Doses,States/Local Areas,Idaho,2021,Age,24 Months,76.5,69.3 to 83.1,251,2023
DTaP,≥4 Doses,States/Local Areas,Idaho,2022,Age,24 Months,80.5,73.4 to 86.8,175,2024
DTaP,≥4 Doses,States/Local Areas,Illinois,2018,Age,24 Months,78.4,73.4 to 83.1,542,2020
DTaP,≥4 Doses,States/Local Areas,Illinois,2019,Age,24 Months,79.9,74.9 to 84.4,548,2021
DTaP,≥4 Doses,States/Local Areas,Illinois,2020,Age,24 Months,82.9,78.4 to 86.8,549,2022
DTaP,≥4 Doses,States/Local Areas,Illinois,2021,Age,24 Months,81.2,76.8 to 85.2,601,2023
DTaP,≥4 Doses,States/Local Areas,Illinois,2022,Age,24 Months,80.7,74.0 to 86.6,282,2024
DTaP,≥4 Doses,States/Local Areas,Indiana,2018,Age,24 Months,79.4,72.8 to 85.3,272,2020
DTaP,≥4 Doses,States/Local Areas,Indiana,2019,Age,24 Months,79.2,71.4 to 85.9,209,2021
DTaP,≥4 Doses,States/Local Areas,Indiana,2020,Age,24 Months,80.7,73.9 to 86.7,232,2022
DTaP,≥4 Doses,States/Local Areas,Indiana,2021,Age,24 Months,79.5,72.7 to 85.5,228,2023
DTaP,≥4 Doses,States/Local Areas,Indiana,2022,Age,24 Months,85.1,76.9 to 91.6,123,2024
DTaP,≥4 Doses,States/Local Areas,Iowa,2018,Age,24 Months,88.3,82.1 to 93.2,255,2020
DTaP,≥4 Doses,States/Local Areas,Iowa,2019,Age,24 Months,89.1,83.7 to 93.4,250,2021
DTaP,≥4 Doses,States/Local Areas,Iowa,2020,Age,24 Months,80.3,73.5 to 86.3,271,2022
DTaP,≥4 Doses,States/Local Areas,Iowa,2021,Age,24 Months,84.2,77.4 to 89.9,276,2023
DTaP,≥4 Doses,States/Local Areas,Iowa,2022,Age,24 Months,87.7,81.1 to 92.8,178,2024
DTaP,≥4 Doses,States/Local Areas,Kansas,2018,Age,24 Months,78.7,72.4 to 84.4,395,2020
DTaP,≥4 Doses,States/Local Areas,Kansas,2019,Age,24 Months,80.6,74.8 to 85.8,358,2021
DTaP,≥4 Doses,States/Local Areas,Kansas,2020,Age,24 Months,75.6,69.8 to 81.0,368,2022
DTaP,≥4 Doses,States/Local Areas,Kansas,2021,Age,24 Months,77.7,71.8 to 83.2,390,2023
DTaP,≥4 Doses,States/Local Areas,Kansas,2022,Age,24 Months,76.9,69.3 to 83.8,220,2024
DTaP,≥4 Doses,States/Local Areas,Kentucky,2018,Age,24 Months,80.2,73.5 to 86.2,278,2020
DTaP,≥4 Doses,States/Local Areas,Kentucky,2019,Age,24 Months,87.6,81.5 to 92.4,271,2021
DTaP,≥4 Doses,States/Local Areas,Kentucky,2020,Age,24 Months,78.8,72.0 to 84.9,324,2022
DTaP,≥4 Doses,States/Local Areas,Kentucky,2021,Age,24 Months,79.5,73.7 to 84.7,333,2023
DTaP,≥4 Doses,States/Local Areas,Kentucky,2022,Age,24 Months,79,69.7 to 87.0,186,2024
DTaP,≥4 Doses,States/Local Areas,Louisiana,2018,Age,24 Months,72.5,65.6 to 79.0,401,2020
DTaP,≥4 Doses,States/Local Areas,Louisiana,2019,Age,24 Months,77.2,70.9 to 83.1,411,2021
DTaP,≥4 Doses,States/Local Areas,Louisiana,2020,Age,24 Months,78.1,71.3 to 84.2,433,2022
DTaP,≥4 Doses,States/Local Areas,Louisiana,2021,Age,24 Months,79,72.3 to 85.0,428,2023
DTaP,≥4 Doses,States/Local Areas,Louisiana,2022,Age,24 Months,81.4,71.1 to 89.8,214,2024
DTaP,≥4 Doses,States/Local Areas,Maine,2018,Age,24 Months,91.3,86.8 to 94.8,251,2020
DTaP,≥4 Doses,States/Local Areas,Maine,2019,Age,24 Months,83.4,77.3 to 88.6,244,2021
DTaP,≥4 Doses,States/Local Areas,Maine,2020,Age,24 Months,91.7,87.3 to 95.0,223,2022
DTaP,≥4 Doses,States/Local Areas,Maine,2021,Age,24 Months,82.3,76.3 to 87.6,228,2023
DTaP,≥4 Doses,States/Local Areas,Maine,2022,Age,24 Months,83.6,70.0 to 93.4,133,2024
DTaP,≥4 Doses,States/Local Areas,Maryland,2018,Age,24 Months,84.2,80.2 to 87.8,837,2020
DTaP,≥4 Doses,States/Local Areas,Maryland,2019,Age,24 Months,82.4,77.7 to 86.6,614,2021
DTaP,≥4 Doses,States/Local Areas,Maryland,2020,Age,24 Months,87.5,83.5 to 91.0,494,2022
DTaP,≥4 Doses,States/Local Areas,Maryland,2021,Age,24 Months,82.9,77.3 to 87.8,525,2023
DTaP,≥4 Doses,States/Local Areas,Maryland,2022,Age,24 Months,85.7,77.8 to 91.9,268,2024
DTaP,≥4 Doses,States/Local Areas,Massachusetts,2018,Age,24 Months,92.4,87.5 to 95.9,365,2020
DTaP,≥4 Doses,States/Local Areas,Massachusetts,2019,Age,24 Months,86.3,80.0 to 91.5,295,2021
DTaP,≥4 Doses,States/Local Areas,Massachusetts,2020,Age,24 Months,86.6,80.0 to 91.9,268,2022
DTaP,≥4 Doses,States/Local Areas,Massachusetts,2021,Age,24 Months,93.2,89.5 to 96.0,277,2023
DTaP,≥4 Doses,States/Local Areas,Massachusetts,2022,Age,24 Months,84.7,76.5 to 91.2,175,2024
DTaP,≥4 Doses,States/Local Areas,Michigan,2018,Age,24 Months,86.1,80.8 to 90.5,415,2020
DTaP,≥4 Doses,States/Local Areas,Michigan,2019,Age,24 Months,84.3,79.0 to 88.9,375,2021
DTaP,≥4 Doses,States/Local Areas,Michigan,2020,Age,24 Months,78.7,71.6 to 85.2,448,2022
DTaP,≥4 Doses,States/Local Areas,Michigan,2021,Age,24 Months,81.2,74.7 to 87.0,467,2023
DTaP,≥4 Doses,States/Local Areas,Michigan,2022,Age,24 Months,85.4,77.0 to 92.0,251,2024
DTaP,≥4 Doses,States/Local Areas,Minnesota,2018,Age,24 Months,77.1,70.1 to 83.5,328,2020
DTaP,≥4 Doses,States/Local Areas,Minnesota,2019,Age,24 Months,83.9,77.7 to 89.3,283,2021
DTaP,≥4 Doses,States/Local Areas,Minnesota,2020,Age,24 Months,85.1,79.2 to 90.1,239,2022
DTaP,≥4 Doses,States/Local Areas,Minnesota,2021,Age,24 Months,84.1,77.9 to 89.3,278,2023
DTaP,≥4 Doses,States/Local Areas,Minnesota,2022,Age,24 Months,91.2,84.4 to 95.9,166,2024
DTaP,≥4 Doses,States/Local Areas,Mississippi,2018,Age,24 Months,79.2,72.2 to 85.4,276,2020
DTaP,≥4 Doses,States/Local Areas,Mississippi,2019,Age,24 Months,79.4,72.1 to 85.9,324,2021
DTaP,≥4 Doses,States/Local Areas,Mississippi,2020,Age,24 Months,75.1,66.5 to 82.9,308,2022
DTaP,≥4 Doses,States/Local Areas,Mississippi,2021,Age,24 Months,76.4,68.1 to 83.9,268,2023
DTaP,≥4 Doses,States/Local Areas,Mississippi,2022,Age,24 Months,77.5,64.9 to 88.1,160,2024
DTaP,≥4 Doses,States/Local Areas,Missouri,2018,Age,24 Months,80.9,74.7 to 86.4,416,2020
DTaP,≥4 Doses,States/Local Areas,Missouri,2019,Age,24 Months,77.9,71.7 to 83.6,402,2021
DTaP,≥4 Doses,States/Local Areas,Missouri,2020,Age,24 Months,80,73.6 to 85.7,390,2022
DTaP,≥4 Doses,States/Local Areas,Missouri,2021,Age,24 Months,80.7,75.1 to 85.7,387,2023
DTaP,≥4 Doses,States/Local Areas,Missouri,2022,Age,24 Months,79,70.6 to 86.3,194,2024
DTaP,≥4 Doses,States/Local Areas,Montana,2018,Age,24 Months,80,73.3 to 86.0,233,2020
DTaP,≥4 Doses,States/Local Areas,Montana,2019,Age,24 Months,75.3,66.6 to 83.2,187,2021
DTaP,≥4 Doses,States/Local Areas,Montana,2020,Age,24 Months,70.7,63.6 to 77.6,220,2022
DTaP,≥4 Doses,States/Local Areas,Montana,2021,Age,24 Months,73.9,66.3 to 81.0,219,2023
DTaP,≥4 Doses,States/Local Areas,Montana,2022,Age,24 Months,75.3,66.2 to 83.5,154,2024
DTaP,≥4 Doses,States/Local Areas,Nebraska,2018,Age,24 Months,85,79.3 to 89.9,279,2020
DTaP,≥4 Doses,States/Local Areas,Nebraska,2019,Age,24 Months,84.8,79.3 to 89.4,259,2021
DTaP,≥4 Doses,States/Local Areas,Nebraska,2020,Age,24 Months,89.1,84.3 to 93.0,251,2022
DTaP,≥4 Doses,States/Local Areas,Nebraska,2021,Age,24 Months,82.4,76.4 to 87.7,256,2023
DTaP,≥4 Doses,States/Local Areas,Nebraska,2022,Age,24 Months,85.3,77.5 to 91.5,148,2024
DTaP,≥4 Doses,States/Local Areas,Nevada,2018,Age,24 Months,83.2,77.5 to 88.2,378,2020
DTaP,≥4 Doses,States/Local Areas,Nevada,2019,Age,24 Months,78.8,72.8 to 84.2,340,2021
DTaP,≥4 Doses,States/Local Areas,Nevada,2020,Age,24 Months,73.6,65.9 to 80.8,323,2022
DTaP,≥4 Doses,States/Local Areas,Nevada,2021,Age,24 Months,74.6,68.4 to 80.4,352,2023
DTaP,≥4 Doses,States/Local Areas,Nevada,2022,Age,24 Months,82.4,73.2 to 89.9,200,2024
DTaP,≥4 Doses,States/Local Areas,New Hampshire,2018,Age,24 Months,89.5,84.5 to 93.4,269,2020
DTaP,≥4 Doses,States/Local Areas,New Hampshire,2019,Age,24 Months,77.9,71.0 to 84.1,214,2021
DTaP,≥4 Doses,States/Local Areas,New Hampshire,2020,Age,24 Months,89.2,83.3 to 93.8,189,2022
DTaP,≥4 Doses,States/Local Areas,New Hampshire,2021,Age,24 Months,91,86.6 to 94.4,231,2023
DTaP,≥4 Doses,States/Local Areas,New Hampshire,2022,Age,24 Months,88.9,82.5 to 93.8,123,2024
DTaP,≥4 Doses,States/Local Areas,New Jersey,2018,Age,24 Months,81,73.8 to 87.2,269,2020
DTaP,≥4 Doses,States/Local Areas,New Jersey,2019,Age,24 Months,83,75.7 to 89.1,279,2021
DTaP,≥4 Doses,States/Local Areas,New Jersey,2020,Age,24 Months,83.4,76.5 to 89.2,268,2022
DTaP,≥4 Doses,States/Local Areas,New Jersey,2021,Age,24 Months,82.9,76.9 to 88.1,291,2023
DTaP,≥4 Doses,States/Local Areas,New Jersey,2022,Age,24 Months,72.5,60.6 to 83.2,172,2024
DTaP,≥4 Doses,States/Local Areas,New Mexico,2018,Age,24 Months,82.8,77.3 to 87.6,447,2020
DTaP,≥4 Doses,States/Local Areas,New Mexico,2019,Age,24 Months,83.8,78.3 to 88.5,374,2021
DTaP,≥4 Doses,States/Local Areas,New Mexico,2020,Age,24 Months,83.7,78.2 to 88.5,357,2022
DTaP,≥4 Doses,States/Local Areas,New Mexico,2021,Age,24 Months,75.2,68.7 to 81.3,352,2023
DTaP,≥4 Doses,States/Local Areas,New Mexico,2022,Age,24 Months,83,75.4 to 89.3,186,2024
DTaP,≥4 Doses,States/Local Areas,New York,2018,Age,24 Months,82.2,78.0 to 86.0,733,2020
DTaP,≥4 Doses,States/Local Areas,New York,2019,Age,24 Months,81.5,76.5 to 86.0,637,2021
DTaP,≥4 Doses,States/Local Areas,New York,2020,Age,24 Months,83.9,79.5 to 87.7,624,2022
DTaP,≥4 Doses,States/Local Areas,New York,2021,Age,24 Months,79.9,75.1 to 84.2,640,2023
DTaP,≥4 Doses,States/Local Areas,New York,2022,Age,24 Months,80.6,74.1 to 86.3,360,2024
DTaP,≥4 Doses,States/Local Areas,North Carolina,2018,Age,24 Months,83,75.3 to 89.4,271,2020
DTaP,≥4 Doses,States/Local Areas,North Carolina,2019,Age,24 Months,91.3,86.5 to 94.9,314,2021
DTaP,≥4 Doses,States/Local Areas,North Carolina,2020,Age,24 Months,80.3,74.7 to 85.3,459,2022
DTaP,≥4 Doses,States/Local Areas,North Carolina,2021,Age,24 Months,82.2,77.5 to 86.5,435,2023
DTaP,≥4 Doses,States/Local Areas,North Carolina,2022,Age,24 Months,82,74.7 to 88.2,207,2024
DTaP,≥4 Doses,States/Local Areas,North Dakota,2018,Age,24 Months,87.5,81.9 to 92.1,293,2020
DTaP,≥4 Doses,States/Local Areas,North Dakota,2019,Age,24 Months,81,73.9 to 87.2,263,2021
DTaP,≥4 Doses,States/Local Areas,North Dakota,2020,Age,24 Months,80.4,73.5 to 86.5,248,2022
DTaP,≥4 Doses,States/Local Areas,North Dakota,2021,Age,24 Months,79.5,71.9 to 86.1,233,2023
DTaP,≥4 Doses,States/Local Areas,North Dakota,2022,Age,24 Months,80,69.6 to 88.6,151,2024
DTaP,≥4 Doses,States/Local Areas,Ohio,2018,Age,24 Months,77.2,70.2 to 83.5,406,2020
DTaP,≥4 Doses,States/Local Areas,Ohio,2019,Age,24 Months,84.8,78.8 to 89.9,384,2021
DTaP,≥4 Doses,States/Local Areas,Ohio,2020,Age,24 Months,83.5,78.4 to 88.0,484,2022
DTaP,≥4 Doses,States/Local Areas,Ohio,2021,Age,24 Months,85.6,80.4 to 90.1,418,2023
DTaP,≥4 Doses,States/Local Areas,Ohio,2022,Age,24 Months,84.9,78.3 to 90.4,237,2024
DTaP,≥4 Doses,States/Local Areas,Oklahoma,2018,Age,24 Months,74.3,66.5 to 81.6,194,2020
DTaP,≥4 Doses,States/Local Areas,Oklahoma,2019,Age,24 Months,75.5,67.4 to 82.8,205,2021
DTaP,≥4 Doses,States/Local Areas,Oklahoma,2020,Age,24 Months,75.5,69.1 to 81.6,298,2022
DTaP,≥4 Doses,States/Local Areas,Oklahoma,2021,Age,24 Months,74.1,67.7 to 80.2,236,2023
DTaP,≥4 Doses,States/Local Areas,Oklahoma,2022,Age,24 Months,74.6,62.8 to 85.0,120,2024
DTaP,≥4 Doses,States/Local Areas,Oregon,2018,Age,24 Months,83.5,77.7 to 88.5,290,2020
DTaP,≥4 Doses,States/Local Areas,Oregon,2019,Age,24 Months,80.4,73.4 to 86.6,264,2021
DTaP,≥4 Doses,States/Local Areas,Oregon,2020,Age,24 Months,78.6,71.4 to 85.1,220,2022
DTaP,≥4 Doses,States/Local Areas,Oregon,2021,Age,24 Months,78.7,72.7 to 84.2,255,2023
DTaP,≥4 Doses,States/Local Areas,Oregon,2022,Age,24 Months,84,75.8 to 90.7,152,2024
DTaP,≥4 Doses,States/Local Areas,Pennsylvania,2018,Age,24 Months,83.4,78.0 to 88.1,650,2020
DTaP,≥4 Doses,States/Local Areas,Pennsylvania,2019,Age,24 Months,82.9,77.9 to 87.3,641,2021
DTaP,≥4 Doses,States/Local Areas,Pennsylvania,2020,Age,24 Months,76.4,70.8 to 81.7,655,2022
DTaP,≥4 Doses,States/Local Areas,Pennsylvania,2021,Age,24 Months,84.1,79.8 to 87.9,668,2023
DTaP,≥4 Doses,States/Local Areas,Pennsylvania,2022,Age,24 Months,84,78.2 to 88.9,359,2024
DTaP,≥4 Doses,States/Local Areas,Rhode Island,2018,Age,24 Months,87.6,81.7 to 92.3,225,2020
DTaP,≥4 Doses,States/Local Areas,Rhode Island,2019,Age,24 Months,87.9,82.5 to 92.3,277,2021
DTaP,≥4 Doses,States/Local Areas,Rhode Island,2020,Age,24 Months,89,84.3 to 92.8,301,2022
DTaP,≥4 Doses,States/Local Areas,Rhode Island,2021,Age,24 Months,92.5,88.4 to 95.6,354,2023
DTaP,≥4 Doses,States/Local Areas,Rhode Island,2022,Age,24 Months,87.7,80.9 to 92.9,201,2024
DTaP,≥4 Doses,States/Local Areas,South Carolina,2018,Age,24 Months,80.6,73.7 to 86.7,244,2020
DTaP,≥4 Doses,States/Local Areas,South Carolina,2019,Age,24 Months,84.2,77.6 to 89.7,245,2021
DTaP,≥4 Doses,States/Local Areas,South Carolina,2020,Age,24 Months,75.8,67.9 to 83.0,243,2022
DTaP,≥4 Doses,States/Local Areas,South Carolina,2021,Age,24 Months,81.5,75.7 to 86.6,300,2023
DTaP,≥4 Doses,States/Local Areas,South Carolina,2022,Age,24 Months,86.5,78.8 to 92.4,160,2024
DTaP,≥4 Doses,States/Local Areas,South Dakota,2018,Age,24 Months,83.5,78.2 to 88.2,390,2020
DTaP,≥4 Doses,States/Local Areas,South Dakota,2019,Age,24 Months,77.4,71.1 to 83.3,318,2021
DTaP,≥4 Doses,States/Local Areas,South Dakota,2020,Age,24 Months,67.7,59.4 to 75.7,289,2022
DTaP,≥4 Doses,States/Local Areas,South Dakota,2021,Age,24 Months,73.3,65.2 to 80.9,279,2023
DTaP,≥4 Doses,States/Local Areas,South Dakota,2022,Age,24 Months,78.7,68.9 to 87.1,145,2024
DTaP,≥4 Doses,States/Local Areas,Tennessee,2018,Age,24 Months,81.6,75.6 to 86.9,410,2020
DTaP,≥4 Doses,States/Local Areas,Tennessee,2019,Age,24 Months,79.6,73.7 to 84.8,396,2021
DTaP,≥4 Doses,States/Local Areas,Tennessee,2020,Age,24 Months,83.1,76.5 to 88.8,363,2022
DTaP,≥4 Doses,States/Local Areas,Tennessee,2021,Age,24 Months,81.3,75.6 to 86.4,336,2023
DTaP,≥4 Doses,States/Local Areas,Tennessee,2022,Age,24 Months,80.7,72.6 to 87.6,182,2024
DTaP,≥4 Doses,States/Local Areas,Texas,2018,Age,24 Months,78.7,74.7 to 82.6,1065,2020
DTaP,≥4 Doses,States/Local Areas,Texas,2019,Age,24 Months,79.4,74.9 to 83.5,919,2021
DTaP,≥4 Doses,States/Local Areas,Texas,2020,Age,24 Months,76.6,70.6 to 82.2,795,2022
DTaP,≥4 Doses,States/Local Areas,Texas,2021,Age,24 Months,80.9,76.4 to 85.0,814,2023
DTaP,≥4 Doses,States/Local Areas,Texas,2022,Age,24 Months,79.9,74.1 to 85.2,541,2024
DTaP,≥4 Doses,HHS Regions/National,United States,2018,Age,24 Months,82.3,81.2 to 83.4,18826,2020
DTaP,≥4 Doses,HHS Regions/National,United States,2019,Age,24 Months,81.3,80.1 to 82.5,17265,2021
DTaP,≥4 Doses,HHS Regions/National,United States,2020,Age,24 Months,79.6,78.2 to 80.9,17387,2022
DTaP,≥4 Doses,HHS Regions/National,United States,2021,Age,24 Months,80.4,79.2 to 81.5,17612,2023
DTaP,≥4 Doses,HHS Regions/National,United States,2022,Age,24 Months,80.9,79.3 to 82.5,9780,2024
DTaP,≥4 Doses,States/Local Areas,Utah,2018,Age,24 Months,88.2,82.6 to 92.7,298,2020
DTaP,≥4 Doses,States/Local Areas,Utah,2019,Age,24 Months,86.7,82.2 to 90.6,330,2021
DTaP,≥4 Doses,States/Local Areas,Utah,2020,Age,24 Months,84,79.1 to 88.3,333,2022
DTaP,≥4 Doses,States/Local Areas,Utah,2021,Age,24 Months,82.2,76.7 to 87.1,332,2023
DTaP,≥4 Doses,States/Local Areas,Utah,2022,Age,24 Months,84.6,76.6 to 91.0,149,2024
DTaP,≥4 Doses,States/Local Areas,Vermont,2018,Age,24 Months,87.2,82.3 to 91.3,340,2020
DTaP,≥4 Doses,States/Local Areas,Vermont,2019,Age,24 Months,88.2,83.6 to 92.0,334,2021
DTaP,≥4 Doses,States/Local Areas,Vermont,2020,Age,24 Months,86.6,81.3 to 91.0,307,2022
DTaP,≥4 Doses,States/Local Areas,Vermont,2021,Age,24 Months,85.1,77.2 to 91.4,281,2023
DTaP,≥4 Doses,States/Local Areas,Vermont,2022,Age,24 Months,89.2,82.0 to 94.4,187,2024
DTaP,≥4 Doses,States/Local Areas,Virginia,2018,Age,24 Months,81.5,74.8 to 87.4,551,2020
DTaP,≥4 Doses,States/Local Areas,Virginia,2019,Age,24 Months,84.7,78.5 to 89.8,452,2021
DTaP,≥4 Doses,States/Local Areas,Virginia,2020,Age,24 Months,79.4,72.9 to 85.2,494,2022
DTaP,≥4 Doses,States/Local Areas,Virginia,2021,Age,24 Months,78.7,73.0 to 83.9,450,2023
DTaP,≥4 Doses,States/Local Areas,Virginia,2022,Age,24 Months,79.7,72.4 to 86.0,241,2024
DTaP,≥4 Doses,States/Local Areas,Washington,2018,Age,24 Months,86.2,81.5 to 90.2,492,2020
DTaP,≥4 Doses,States/Local Areas,Washington,2019,Age,24 Months,82.5,77.6 to 86.8,455,2021
DTaP,≥4 Doses,States/Local Areas,Washington,2020,Age,24 Months,81.1,75.9 to 85.7,445,2022
DTaP,≥4 Doses,States/Local Areas,Washington,2021,Age,24 Months,81.4,75.9 to 86.3,394,2023
DTaP,≥4 Doses,States/Local Areas,Washington,2022,Age,24 Months,88,81.9 to 92.8,211,2024
DTaP,≥4 Doses,States/Local Areas,West Virginia,2018,Age,24 Months,78.5,72.2 to 84.2,252,2020
DTaP,≥4 Doses,States/Local Areas,West Virginia,2019,Age,24 Months,76.6,69.5 to 83.1,201,2021
DTaP,≥4 Doses,States/Local Areas,West Virginia,2020,Age,24 Months,75.9,69.3 to 82.0,271,2022
DTaP,≥4 Doses,States/Local Areas,West Virginia,2021,Age,24 Months,81.4,75.6 to 86.6,279,2023
DTaP,≥4 Doses,States/Local Areas,West Virginia,2022,Age,24 Months,86.4,79.3 to 92.0,180,2024
DTaP,≥4 Doses,States/Local Areas,Wisconsin,2018,Age,24 Months,81,74.0 to 87.0,241,2020
DTaP,≥4 Doses,States/Local Areas,Wisconsin,2019,Age,24 Months,80.7,73.7 to 86.8,224,2021
DTaP,≥4 Doses,States/Local Areas,Wisconsin,2020,Age,24 Months,78.9,72.5 to 84.6,287,2022
DTaP,≥4 Doses,States/Local Areas,Wisconsin,2021,Age,24 Months,80.1,73.7 to 85.8,317,2023
DTaP,≥4 Doses,States/Local Areas,Wisconsin,2022,Age,24 Months,90.2,84.6 to 94.4,164,2024
DTaP,≥4 Doses,States/Local Areas,Wyoming,2018,Age,24 Months,76.3,69.5 to 82.6,280,2020
DTaP,≥4 Doses,States/Local Areas,Wyoming,2019,Age,24 Months,79,72.4 to 85.0,260,2021
DTaP,≥4 Doses,States/Local Areas,Wyoming,2020,Age,24 Months,76.3,70.0 to 82.1,296,2022
DTaP,≥4 Doses,States/Local Areas,Wyoming,2021,Age,24 Months,71.3,64.3 to 77.9,306,2023
DTaP,≥4 Doses,States/Local Areas,Wyoming,2022,Age,24 Months,80.3,71.3 to 87.9,157,2024
