state,bill_number,bill_status,text_description,comments,bill_valency
Alabama,AL HB 24,Not enacted,Would make it more convenient for parents to obtain religious exemptions,Would also expand religious exemptions to public institutions of higher education,Bad
Alabama,AL HB 12,Not enacted,Would prohibit discrimination on the basis of vaccine refusal,NA,Bad
Alabama,AL HB 367,Not enacted,Prohibits governmental entities and county health departments from using public funds to produce or distribute materials that promote vaccination,NA,Bad
Alaska,AK HB 279,Not enacted,Would restrict vaccination requirements to those with full FDA approval and require providers to provide documentation of vaccine risks and benefits before administration,NA,Bad
Alaska,AK HB 238,Not enacted,Would add AAP-recommended vaccines to list of vaccines covered by statewide immunization program and medical assistance,NA,Good
Arizona,AZ HB 2086,Not enacted,Would restrict government entity from requiring any vaccine (notwithstanding school vaccination requirements),NA,Bad
Arizona,AZ HB 2248,Not enacted,"Would prohibit schools from requiring medical intervention for attendance, subject to Parents' Bill of Rights",NA,Bad
Arizona,AZ HB 2005,Not enacted,"Would prohibit healthcare professionals from denying care/providing ""less than the standard of care"" based on vaccination statutus, and would prohibit healthcare institutions from adopting policies that would do so",NA,Bad
Arizona,AZ HB 2336,Not enacted,Would prohibit health insurers from including vaccine mandates as condition of coverage,NA,Bad
Arkansas,AR HB 1619,Enacted,"Requires the state Medicaid program to reimburse providers for administering RSV immunizations at the same rate as the Vaccines for Children (VFC) program, and prohibits civil liability against providers who administer these immunizations",NA,Good
Arkansas,AR SB 6,Not enacted,"Allow pharmaceutical company officers to be held criminally liable for ""vaccine harm""",NA,Bad
California,CA AB 2651,Not enacted,Would require DPH to establish immunization coverage needed to prevent spread of disease and require department to notify parents when school rate has fallen below that level,NA,Good
California,CA SB 290,Not enacted,Repeals the requirement that children must be immunized in order to receive CalWORKs benefits,NA,Bad
California,CA AB 2101,Not enacted,Establishes a state stockpile of vaccines,NA,Good
California,CA SB 144,Not enacted,"Would authorize state to modify or supplement baseline vaccine recommendations, taking into account guidance from leading medical organizations",NA,Good
Colorado,CO SB 26-032,Enacted,Distances state immunization policy from ACIP recommendations and allows state to consider recommendations from AAP and other medical bodies,NA,Good
Colorado,CO SB 196,Enacted,"Specifies that if the Advisory Committee on Immunization Practices (ACIP) is repealed, modified, or otherwise ceases to operate, the commissioner of insurance retains the authority to require vaccine coverage by insurers",NA,Good
Colorado,CO HB 1027,Enacted,"Directs the State Board of Health to consider vaccination recommendations from the American Academy of Pediatrics (AAP) and other professional organizations, in addition to those from the Advisory Committee on Immunization Practices (ACIP), when establishing immunization requirements; Includes additional changes to school immunization provisions",NA,Good
Connecticut,CT HB 5044,Enacted,"Expands authority of commissioner of public health to determine state vaccine requirements, with less reliance on federal vaccine recommendations",NA,Good
Connecticut,CT SB 526,Not enacted,"Would expand exemptions to state-mandated vaccination laws for school-aged children to allow philosophical exemptions based on personal, moral, or other beliefs",NA,Bad
Connecticut,CT HB 6174,Not enacted,Would allow students to recover actual and punitive damages for injuries or illnesses caused by a vaccination program if the state required the student to receive the vaccine as a condition of school admission,NA,Bad
Connecticut,CT HB 6581,Not enacted,"Would authorize pharmacists to administer vaccines to children, regardless of age",NA,Good
Connecticut,CT HB 6614,Not enacted,Would reestablish religious exemptions for school vaccination requirements,NA,Bad
Delaware,DE SB 180,Enacted,"Pharmacists, pharmacy interns, and nationally certified pharmacy technicians who have completed an accredited training program, are currently trained in CPR, and have notified the Delaware Board of Pharmacy may administer immunizations via a prescriber's order or protocol for patients aged 3 years and older.",NA,Good
Delaware,DE HB 225,Enacted,"Provides for the reimbursement of vaccine administration fees to eligible providers for vaccines administered to eligible children under the Vaccines for Children (VFC) program, in accordance with rates set by the Division of Medicaid and Medical Assistance in conjunction with the CDC. If funding levels permit, these funds may also be used to upgrade and maintain the state immunization registry (DelVAX).",NA,Good
Delaware,DE HB 338,Not enacted,"Would require insurers to cover without cost-sharing immunizations recommended by ACIP or other national clinical guidelines as of January 1, 2025",NA,Good
Florida,FL SR 1244,Enacted,"Recognizes August 2026 as ""Immunization Awareness Month""",NA,Good
District of Columbia,DC B26-0606,Not enacted,Would protect physicians from being held liable for claims resulting from vaccine administration,NA,Good
District of Columbia,DC B26-0414,Enacted,"Allows providers to administer immunizations recommended by non-federal organizations (e.g., AAP)",NA,Good
District of Columbia,DC B 278,Enacted,"Requires schools to annually distribute immunization information, including information on how to obtain immunizations, in languages other than English",Enacted- 1/23/2024,Good
Florida,FL HB 917 & SB 1756,Not enacted,"Would add steps to vaccination consent process, allow for exemptions of conscience, require exemption form to be made publicly available on DoH website, and prohibit discrimination based on vaccination status",Died in committee,Bad
Florida,FL SB 408 & HB 339,Not enacted,"Would hold manufacturers liable for vaccine harm if they advertise a vaccine in the state and that vaccine ""causes harm or injury""",Died in committee,Bad
Florida,FL SB 1752,Not enacted,Would establish a universal state health plan ('Florida Health Plan') that includes coverage for vaccines,NA,Good
Florida,FL SB 1299,Enacted,Prohibits discrimination based on vaccination status in educational institutions,NA,Bad
Georgia,GA HB 1350,Not enacted,"Would establish ""Georgia Medical Freedom Act"", repealing the authority of the Department of Public Health to require vaccinations and prohibiting schools from requiring medical interventions",NA,Bad
Georgia,GA SB 262,Not enacted,"Would require insurers to fully cover preventive services, including immunization, without cost-sharing requirements",NA,Good
Georgia,GA SR 304,Enacted,Includes RSV vaccination and monoclonal antibodies within the Vaccines for Children program,NA,Good
Hawaii,HI SB 2472,Not enacted,"Would expand religious vaccination exemptions, such as by removing requirement that parent is an established member of a recognized church, and require (rather than authorizes) schools to provide exemptions",NA,Bad
Hawaii,HI HB 2512,Not enacted,Would establish Hawaii Medical Freedom Act and prohibit schools and other establishments from imposing vaccination requirements,NA,Bad
Hawaii,HI HB 2313,Not enacted,Would establish Hawaii preventive services advisory committee to provide scientific-backed guidance on vaccine requirements and insurance coverage,NA,Good
Hawaii,HI HB 2199,Not enacted,"Would restrict schools and other organizations from imposing restrictions on an individual's ""right to bodily autonomy"", including vaccination requirements",NA,Bad
Idaho,ID HF 574,Not enacted,"Would prohibit medical mandates for school attendance, weaken the state immunization registry, and would frame vaccines as ""voluntary"" rather than ""not mandatory""",NA,Bad
Idaho,ID H 290,Enacted,"Codifies immunization and documentation requirements for schools and daycares, including a simple opt-out process for exemptions",NA,Bad
Idaho,ID H 438,Not enacted,"Would require that all school communications to parents about vaccine requirements include information about non-medical exemptions and state that ""immunizations are not mandatory""",NA,Bad
Idaho,ID SB 1210,Enacted,"Prohibits the mandate of any medical interventions, including vaccines, in the state (excluding facilities who receive Medicaid/Medicare and [pending legal interpretation] schools).",NA,Bad
Illinois,IL HB 767,Enacted,Empowers the IL DPH to make vaccine guidelines through its own Immunization Advisory Committee and requires insurance coverage for vaccines recommended by the state,NA,Good
Illinois,IL SR 213,Not enacted,Urges government stakeholders to work with clinicians and families to ensure children are fully vaccinated before starting school,NA,Good
Illinois,IL HR 129,Enacted,Declares a specified date as Vaccine Awareness Day to educate the public about the importance of vaccines and urges the Department of Health to continue prioritizing and investing in immunization,NA,Good
Indiana,IN SB 174,Not enacted,"Would change immunization reporting requirements, prohibit health care providers from being required to perform services that ""violate their conscience"", and require documentation of vaccination history for children whose deaths are being reviewed",NA,Bad
Indiana,IN HB 1224,Not enacted,Would establish a state VAERS,NA,Bad
Indiana,IN HB 1168,Not enacted,Would prohibit vaccine mandates across settings,NA,Bad
Indiana,IN HB 1071,Not enacted,Would expand non-medical exemptions,NA,Bad
Indiana,IN HB 1344,Not enacted,Would establish state-level vaccination adverse event reporting system,NA,Bad
Iowa,IA SF 2345,Not enacted,Would require communications about vaccination recommendations to include information about exemptions,NA,Bad
Iowa,IA HF 2710,Not enacted,Would loosen requirements for obtaining a religious exemption to school vaccine requirements,NA,Bad
Iowa,IA SF 304,Enacted,Removes minor's ability to consent to vaccination for a sexually transmitted disease or infection,Sent to Governor 5/5/26,Bad
Iowa,IA HF 2171,Not enacted,Would eliminate vaccination requirements in elementary and secondary education,NA,Bad
Kansas,KS SB 315,Not enacted,Would require child care facilities and educational institutions to grant exemptions from vaccine requirements without inquiring into the sincerity of the request,Failed to pass in the 2023-2024 legislative session.,Bad
Kansas,KS SB 19,Not enacted,Would provide right to refuse vaccines for reasons of conscience,NA,Bad
Kansas,KS HB 2369,Not enacted,Would allow pharmacists to order and administer FDA-approved vaccines for individuals 7 years and older,NA,Good
Kansas,KS HB 2045,Enacted,Changes religious vaccine exemptions for childcare facilities to loosen exemption procedures for parents with “sincerely held” religious beliefs,NA,Bad
Kansas,KS SB 522,Not enacted,"Would establish the Kansas medical freedom act, which would prevent government entities and schools from denying access based on vaccination status",NA,Bad
Kentucky,KY HB 466,Not enacted,Would remove hepatitis B vaccination requirement and require state legislature approval for any additional immunization requirements,NA,Bad
Kentucky,KY HB 629,Not enacted,Would prohibit health care providers from refusing to treat people who have not received a particular vaccine,NA,Bad
Kentucky,KY HB 110,Not enacted,Would expand non-medical vaccination exemptions to allow for conscientious objection,NA,Bad
Kentucky,KY HB 695,Not enacted,"Would prohibit insurers from imposing cost-sharing requirements on preventive services, including routine immunizations",NA,Good
Kentucky,KY SR 282,Enacted,Encourages all Kentuckians to be vaccinated against preventable illnesses,NA,Good
Louisiana,LA SB 36,Not enacted,Would expand informed consent process for vaccine administration and would prohibit individuals from consenting to vaccination within 12 hours of childbirth,NA,Bad
Louisiana,LA HB 1041,Not enacted,"Would establish the ""Louisiana Medical Freedom Act"", which would prohibit schools and other government entities from requiring vaccination as a condition of access",NA,Bad
Louisiana,LA HB 655,Enacted,Increases the patient's fee for vaccines at public health units from $10 to $50,NA,Bad
Louisiana,LA HB 737,Not enacted,Would remove requirement for vaccines to prevent meningococcal diseases as a condition for school entry,NA,Bad
Maine,ME SB 2146,Enacted,Expands state's Universal Purchase program to allow for purchase of vaccines recommended by AAP and other medical organizations and protects pharmacists who administer state-recommended vaccines from civil liability,NA,Good
Maine,ME HB 107,Not enacted,Would restore religious exemptions to immunization requirements,Failed to passed,Bad
Maine,ME LD 1883,Not enacted,"Would establish Maine Health Plan for all residents, covering all childhood and adult vaccinations",Failed to passed,Good
Maine,ME SB 478,Enacted,Allows pharmacists to administer vaccines to children 3 years and older with a prescription,NA,Good
Maine,ME HB 2071,Enacted,"Requires insurance carriers to provide coverage for vaccines without cost-sharing and allows pharmacists to prescribe, dispense, and administer FDA-licensed vaccines regardless of ACIP recommendation",NA,Good
Maryland,MD HB 1135,Enacted,Allows pharmacists to order certain vaccinations for individuals 3 years or older without having to also administer the vaccine,NA,Good
Maryland,MD SB 385,Enacted,Establishes authority for the DOH secretary to issue official immunization recommendations outside of ACIP recommendations that pharmacists can administer and that insurers must cover without cost-sharing,NA,Good
Maryland,MD HB 608,Not enacted,Would require county board of education to grant students temporary admission to schools if parent is unable to provide proof of immunization,Died in committee,Bad
Maryland,MD HB 974,Enacted,Allows the health commissioner to adopt regulations as needed to ensure that health insurers cover all vaccines recommended by the Advisory Committee on Immunization Practices (ACIP) as of December 2024.,NA,Good
Maryland,MD HB 184,Not enacted,"Would establish Healthy Maryland Program, which would provide comprehensive, universal health care services for state residents, including immunizations",NA,Good
Massachusetts,MA HB 4761,Enacted,Gives health commissioner the authority to independently make decisions regarding childhood vaccine requirements with the help of a newly established committee on immunization recommendations,NA,Good
Massachusetts,MA SB 1557,Not enacted,Would require all schools to annually report aggregate immunization data and to make school-level data public,NA,Good
Massachusetts,MA SB 1618,Not enacted,Specifies requirements for obtaining exemptions to vaccine requirements and immunization data reporting,NA,Good
Massachusetts,MA HB 3072,Not enacted,Would provide a $100 tax credit for residents who provide proof of vaccination,NA,Good
Massachusetts,MA HB 1081,Not enacted,Would require insurers to cover recommended vaccines without cost-sharing,NA,Good
Michigan,MI HR 250,Enacted,Declared School-Based Health Care Awareness Week,NA,Good
Michigan,MI SB 797,Not enacted,Would prohibit more stringent requirements for obtaining immunization exemptions,NA,Bad
Michigan,MI SB 107,Not enacted,Would require insurers to cover recommended vaccines administered by pharmacists within insurer network,"Engrossed on 4/22/25, 50% progression",Good
Michigan,MI SB 219,Enacted,Permits pharmacists to order and administer vaccines to children 3 years and older,Passed in the 2023-2024 legislative session,Good
Michigan,MI HB 6205,Not enacted,Would add requirements for obtaining a nonmedical exemption to vaccine requirements,NA,Good
Minnesota,MN SF 3859,Not enacted,Would expand insurance coverage for preventive services to include vaccines recommended by AAP and the West Coast Health Alliance in addition to ACIP recommendations and establish Science-Based Vaccine Advisory Council,NA,Good
Minnesota,MN SF 4017,Not enacted,Would require caregivers seeking an immunization exemption to complete an educational consultation with provider,NA,Good
Minnesota,MN SF 4458,Not enacted,Would eliminate conscientious exemptions to vaccine requirements and remove references to ACIP recommendations,NA,Good
Minnesota,MN HF 4373,Not enacted,Would expand required insurance coverage to vaccines recommended by professional organizations in addition to those recommended by ACIP,NA,Good
Mississippi,MS HB 1184,Not enacted,Would prohibit insurers from denying coverage because a person is unvaccinated,NA,Bad
Mississippi,MS SB 2533,Not enacted,Would allow parents to opt-out of IIS for their children,NA,Bad
Mississippi,MS HB 1244,Not enacted,Would allow parents to claim non-medical exemptions with just a signed letter,NA,Bad
Mississippi,MS HB 1506,Not enacted,Would expand non-medical exemptions to include philosophical and conscientious exemptions,"Introduced 2023-24, not enacted",Bad
Missouri,MO SB 1705,Not enacted,Would require health plans to cover ACIP-recommended vaccines without cost-sharing,NA,Good
Missouri,MO HB 2374,Not enacted,Would prohibit health care providers from refusing health care services to children based on vaccination status and would prohibit physician/physician group from dismissing a child from the practice based on refusal to consent to vaccination,NA,Bad
Missouri,MO HB 2372,Not enacted,"Would allow pharmacists to administer to those 7 years or older vaccines recommended by CDC after Jan 1, 2026 (previously those approved as of 2023)",NA,Good
Missouri,MO SB 374,Not enacted,Would allow dentists to administer vaccines to their patients,Died in committee,Good
Missouri,MO SJR 37,Not enacted,"This constitutional amendment would prohibit laws or policies from infringing upon individuals' right to refuse medical procedures, potentially overriding existing laws limiting exemptions to medical or religious reasons.",Died in committee,Bad
Montana,MT SB 474,Not enacted,Would require acceptance of religious and personal medical exemptions to mandated immunizations,NA,Bad
Montana,MT LC 1384,Not enacted,Would direct the health department to pursue a Medicaid waiver to provide full immunization coverage for individuals experiencing homelessness,NA,Good
Montana,MT HB 364,Not enacted,Would require schools to report deidentified vaccination and exemption data to the state,NA,Good
Nebraska,NE LB 203,Enacted,"Requires health director to receive written approval by county board/city council prior to issuing directed health measures to address communicable diseases, including vaccination",NA,Bad
Nebraska,NE LB 202,Not enacted,Would allow pharmacy technicians to administer vaccines,2023-24 session,Good
Nebraska,NE LB 374,Not enacted,"Would establish a ""parental bill of rights,"" including reinforcing parents' ability to opt out of school immunization (e.g., via religious exemptions)",2023-24 session,Bad
Nebraska,NE LB 1028,Not enacted,Would require that local and county health departments receive state-level approval for vaccination efforts,2023-24 session,Bad
Nevada,NV SB 192,Not enacted,Would require health insurance plans to cover recommended childhood vaccines,Failed,Good
New Hampshire,NH HB 1811,Not enacted,Would reframe school vaccination requirements as recommendations,NA,Bad
New Hampshire,NH 1584,Not enacted,Would require communications promoting vaccination to prominently display information on obtaining exemptions and would simplify the process to obtain a religious exemption,NA,Bad
New Hampshire,NH HB 1719,Not enacted,Would remove hepatitis B from list of required childhood immunizations,NA,Bad
New Hampshire,NH HB 358,Not enacted,"Would eliminate the form needed to obtain a religious exemption, allowing such exemptions with a signed statement from a parent",Vetoed by governor,Bad
New Hampshire,NH HB 524,Not enacted,"Would repeal the state's Vaccine Association, which is responsible for the universal purchase of vaccines",Retained - will come back next session for a vote,Bad
New Jersey,NJ A 4433,Not enacted,Would repeal required insurance coverage for vaccines without an ACIP recommendation,NA,Bad
New Jersey,NJ S 2543,Not enacted,Would prohibit requirements for HPV vaccination for school attendance,NA,Bad
New Jersey,NJ S 3020,Not enacted,Would replace references to ACIP recommendations with references to recommendations made by DOH within state insurance requirements,Failed,Good
New Jersey,NJ S 2987,Not enacted,"Would automatically enroll those not currently enrolled in the state IIS at the time of immunization administration, unless they provide a written request to opt-out",NA,Good
New Jersey,NJ S 2434,Not enacted,Would change IIS to opt-in system,NA,Bad
New Mexico,NM HB 156,Enacted,Shifts source of childhood vaccination requirements from federal entities to state DOH,NA,Good
New Mexico,NM HB 306,Enacted,"Prohibits health providers from charging, billing, or collecting fees directly from patients for vaccination services provided in an outpatient setting",NA,Good
New Mexico,NM SB 508,Not enacted,Would codify the requirement for insurers to fully cover all vaccines recommended by the Advisory Committee on Immunization Practices (ACIP),NA,Good
New York,NY S 8853,Not enacted,"Would expand vaccination requirements to consider recommendations of AAP, AAFP, ACOG, ACP, or ACIP",NA,Good
New York,NY S 8723,Not enacted,"Would enact ""New York anti-mandate act"", which would prohibit schools from mandating medical interventions",NA,Bad
New York,NY S 9849,Not enacted,Would add flexibility to include recommendations from commissioner of health in scope of practice for non-physician providers and insurance coverage requirements,NA,Good
New York,NY S 9604,Not enacted,Would ensure that those administering vaccines in accordance with health commissioner recommendations cannot be held liable for injury,NA,Good
New York,NY A 10711,Enacted,"Allows for consideration of vaccination recommendations made by professional organizations (such as AAP, ACOG, etc.) in lieu of ACIP recommendations in various immunization-related laws",NA,Good
North Carolina,NC HB 803,Not enacted,Would require vaccines added to state immunization schedule to have been approved by FDA for at least 3 years,Recessed,Bad
North Carolina,NC SB 373,Not enacted,Would prohibit health care providers from refusing patients who are not up-to-date on vaccinations,Recessed,Bad
North Carolina,NC HB 380,Not enacted,"Would expand non-medical vaccination exemptions to include ""conscientious objections""",Recessed,Bad
North Dakota,ND HB 1454,Enacted,"Would establish an opt-out procedure for required vaccines based on health, religious, or philosophical grounds",NA,Bad
North Dakota,ND HB 1457,Not enacted,Would allow individuals to claim exemption from vaccine requirements if the vaccine does not meet several strict criteria,NA,Bad
Ohio,OH HB 289,Not enacted,"Would establish a universal health care plan for state residents, including coverage for immunizations",Referred to committee,Good
Ohio,OH SB 144,Enacted,Allows pharmacists and pharmacy technicians to administer vaccines to children 5 and over,2023-24,Good
Oklahoma,OK SB 1560,Not enacted,"Would establish Oklahoma Medical Freedom Act, which prohibits schools from requiring medical interventions for persons attending or employed",NA,Bad
Oklahoma,OK SB 1656,Not enacted,"Would codify the right to refuse vaccination, including in education institutions",NA,Bad
Oklahoma,OK SB 1548,Not enacted,Would hold vaccine manufacturers liable if they advertise a vaccine that causes harm or injury to an individual,NA,Bad
Oklahoma,OK SB 1568,Not enacted,Would align hepatitis B vaccination requirements with new ACIP guidelines and prohibit health care facilities from requiring hepatitis B vaccination as a condition of discharge,NA,Bad
Oregon,OR SB 1598,Enacted,Allows the public health officer to determine vaccines that require insurance coverage and to issue respective standing orders for their administration outside of ACIP recommendations,NA,Good
Oregon,OR HB 4135,Enacted,Declares March 4th HPV Awareness Day,NA,Good
Oregon,OR SB 383,Not enacted,"Would prohibit discrimination based on vaccination status, including for schoolchildren",Failed,Bad
Oregon,OR SJR 31,Not enacted,Proposes an amendment to the Oregon Constitution to prohibit requiring any specific vaccine unless encoded by state law,NA,Bad
Oregon,OR S 42,Not enacted,"Would give money to Oregon Health Authority for the Vaccine Access Program, for vaccine purchases",NA,Good
Pennsylvania,PA SB 1195,Not enacted,Would require insurers to cover vaccination without cost-sharing,NA,Good
Pennsylvania,PA HB 695,Not enacted,"Would require providers to continue caring for children who do not follow the recommended vaccine schedule, as long as they receive one vaccine each year",Referred to committee,Bad
Pennsylvania,PA HB 447,Not enacted,Would require schools to prominently disseminate information on how to obtain vaccination exemptions,Referred to committee,Bad
Pennsylvania,PA HB 1828,Not enacted,"Would allow the PA Department of Health to make the vaccine schedule, referring to the Advisory Committee on Immunization Practices (ACIP), AAP, and other sources",NA,Good
Puerto Rico,"Puerto Rico Fundamental Right to Religious Freedom Act (Law No. 14 of April 13, 2025)",Enacted,Prohibits government from voiding a religious vaccine exemption even during an epidemic unless parental consent is provided; adds requirements to informed consent process,NA,Bad
Puerto Rico,PR HB 2105,Not enacted,Would change insurance coverage requirements to guarantee access to vaccination services,NA,Good
Rhode Island,RI HB 7934,Not enacted,Would expand data reporting requirements for pharmacists administering immunizations to those between 3-18 years old,NA,Good
Rhode Island,RI SB 2379,Enacted,"Distances immunization requirements from federal recommendations, allowing for DOH director discretion, and requires insurers to cover vaccines recommended by DOH",NA,Good
Rhode Island,RI HB 7625,Enacted,Requires various insurers to cover vaccines recommended by DOH,NA,Good
Rhode Island,RI SB 2565,Not enacted,"Would prohibit health providers from discriminating against patients based on vaccination status and from requiring patients choosing to delay/decline vaccination to sign liability waiver, and adds requirements to informed consent process",NA,Bad
Rhode Island,RI SB 2386,Not enacted,Would require insurers to cover vaccines administered by pharmacists within their scope of practice,NA,Good
South Carolina,SC S 897,Not enacted,Would remove religious exemption for MMR vaccines for those attending public schools,NA,Good
South Carolina,SC S 741,Not enacted,Would establish that no vaccine can be mandated for infants under 24 months (but would allow infants to receive vaccines at the voluntary request of the parents),NA,Bad
South Carolina,SC S 1029,Not enacted,"Would allow private childcare facilities, registered church or religious day care facilities, and private schools to adopt their own immunization requirements",NA,Bad
South Carolina,SC H 4803,Not enacted,Would require any communication to parents about childhood immunization requirements to also include information about obtaining exemptions,NA,Bad
South Dakota,SD SB 100,Not enacted,Would prohibit the addition of any new childhood vaccine requirements beyond those currently mandated,NA,Bad
South Dakota,SD HB 1223,Not enacted,"Would allow for ""conscience exemptions"" from vaccination requirements",NA,Bad
Tennessee,TN HJR 908,Enacted,"Establishes March 4, 2026, as HPV Awareness Day",NA,Good
Tennessee,TN HB 853,Not enacted,Would require providers to receive informed consent from guardians before providing vaccination to a minor,NA,Bad
Tennessee,TN SJR 620,Not enacted,"Would prohibit the state from imposing vaccination requirements, even during declared state of emergency",NA,Bad
Tennessee,TN HB 638 & HB 1389,Enacted,Prohibits insurers from penalizing health providers who issue vaccination exemptions,NA,Bad
Texas,TX HB 1586,Enacted,Requires the health department to provide a blank affidavit form for claiming a vaccination exemption and to post it on their website,NA,Bad
Texas,TX HJR 91,Not enacted,Proposes a constitutional amendment recognizing the right of an individual to refuse vaccination without impacting their ability to attend school,Died in committee,Bad
Texas,TX HB 3441,Enacted,Establishes civil liability for vaccine manufacturers that advertise their products in the state if the vaccine causes harm or injury,Not sure if we should be including this,Bad
Texas,TX HB 1356,Not enacted,Would prohibit discrimination by health care providers based on vaccination status,Died in committee,Bad
Texas,TX S 46,Status unavailable,Would change state immunization registry from opt-in to opt-out and create clear procedures for those who want their information excluded,Died in committee,Good
Utah,UT HB 152,Not enacted,Would repeal requirements for parents to complete online education or provider consultation to receive vaccination exemption form,NA,Bad
Utah,UT SB 13,Enacted,"This education law, among various provisions, exempts students attending a home-based ""microschool"" or micro-education program from school immunization requirements.","This bill was passed in to law on March 20, 2024",Bad
Utah,UT SB 89,Not enacted,Would ensure appropriate compensation/reimbursement for vaccine administration,NA,Good
Vermont,VT H 545,Enacted,"Authorizes health commissioner to determine recommended vaccines, distancing the state from ACIP recommendations, and requires coverage without cost-sharing for vaccines recommended by commissioner",NA,Good
Vermont,VT S 64,Not enacted,Would allow optometrists to vaccinate during health emergencies,Died in committee,Good
Virginia,VA HB 983,Not enacted,Would remove hepatitis B vaccine from required immunizations and remove conditional enrollment period for students who have not received hepatitis B vaccine,NA,Bad
Virginia,VA HJ 24,Enacted,Recognizes August as Immunization Awareness Month,NA,Good
Virginia,VA HB 2189,Not enacted,"Would expand vaccine exemptions, particularly in school settings, during an epidemic",Died in committee,Bad
Virginia,VA H 1279,Enacted,"Requires the Department of Health to make the school health entrance forms, including immunization forms, more user-friendly",04/04/2024 - Enacted,Good
Virginia,VA H 2306; VA H 783,Not enacted,Would allow for religious exemptions to immunization during epidemics,Died,Bad
Washington,WA SB 5781,Not enacted,Would require vaccine communications to follow messaging provided in FDA authorization,NA,Bad
Washington,WA HB 2242,Enacted,Allows state DOH to issue immunization recommendations and related guidance and requires health plans to cover DOH-recommended preventive services,NA,Good
Washington,WA HB 1520; WA SB 5513,Not enacted,Would expand authority of pharmacists to administer vaccines,Died in committee,Good
Washington,WA HB 1531,Enacted,Preserves the ability of public officials to address communicable diseases,NA,Good
Washington,WA H 1957,Enacted,Requires preserving coverage of immunization services for children without cost sharing,03/28/2024 - Enacted,Good
West Virginia,WV HB 5338,Not enacted,Would prohibit vaccination requirements for students and teachers,NA,Bad
West Virginia,WV SB 731,Not enacted,Would remove hepatitis b and meningitis vaccine requirements,NA,Bad
West Virginia,WV SB 608,Not enacted,Would allow parents/guardians to request religious exemption with signed letter,NA,Bad
West Virginia,WV HJR 24,Not enacted,Would add the right to refuse medical procedures to state bill of rights,NA,Bad
Wisconsin,WI SB 1044,Not enacted,Would require insurers to cover vaccines no longer recommended by the federal government as long as they are recommended by AAP or AAFP and requires DHS to consider alternative recommendations when creating state vaccine schedule,Failed,Good
Wisconsin,WI AB 891,Not enacted,"Would eliminate exemptions for ""personal conviction""",Failed,Good
Wisconsin,WI SB 489,Not enacted,"Would prohibit the state from infringing on the fundamental rights of parents, including making immunization-related decisions",NA,Bad
Wisconsin,WI SB 418,Not enacted,Would establish a program to provide vaccines to individuals who are not eligible to receive the vaccines at no cost from a federal program,NA,Good
Wyoming,WY SB 162,Not enacted,Would remove certain requirements to obtain non-medical exemptions to vaccine requirements,NA,Bad
Wyoming,WY SB 24,Enacted,Allows pharmacy technicians to abstain from administering immunizations to children under 13 years,NA,Bad
Wyoming,WY HB 44,Not enacted,"Would establish parental rights in a minor child's health care, repealing a provision authorizing vaccination of a minor without parental consent",NA,Bad
